Length (mm),Width (mm),Height (mm),Concrete compressive strength (MPa),Longitudinal steel yield strength (MPa),Longitudinal steel reinforcement ratio (%),Transverse steel yield strength (MPa),Transverse steel reinforcement ratio (%),Axial load ratio,Spacing of transverse steel (mm),Reflected pressure (MPa),Reflected impulse (MPa-msec),Displacement height ratio,Maximum displacement (mm)
150,100,1980,46.5,483,2.67,580,1.52,0,50,0.022,0.12,0.5,13.9
150,100,1980,46.5,483,2.67,580,1.52,0,50,0.038,0.158,0.5,20.8
150,100,1980,46.5,483,2.67,580,1.52,0.42,50,0.023,0.193,0.5,24.2
150,100,1980,46.5,483,2.67,580,1.52,0.42,50,0.04,0.426,0.5,66.4
150,100,1980,58,483,2.67,580,1.52,0.35,50,0.051,0.193,0.5,15
150,100,1980,58,483,2.67,580,1.52,0.35,50,0.058,0.222,0.5,19.2
150,100,1980,58,483,2.67,580,1.52,0.35,50,0.09,0.362,0.5,76.4
150,100,1980,58,483,2.67,580,3.04,0.35,25,0.048,0.176,0.5,7.5
150,100,1980,58,483,2.67,580,3.04,0.35,25,0.05,0.194,0.5,13.5
150,100,1980,58,483,2.67,580,3.04,0.35,25,0.058,0.228,0.5,18.2
150,100,1980,58,483,2.67,580,1.52,0.35,50,0.024,0.141,0.5,3.5
150,100,1980,58,483,2.67,580,1.52,0.35,50,0.04,0.242,0.5,19.4
150,100,1980,58,483,2.67,580,1.52,0.35,50,0.053,0.324,0.5,45.5
150,100,1980,58,483,2.67,580,3.04,0.35,25,0.022,0.133,0.5,5.1
150,100,1980,58,483,2.67,580,3.04,0.35,25,0.038,0.235,0.5,22
150,100,1980,58,483,2.67,580,3.04,0.35,25,0.045,0.305,0.5,52
150,100,1980,58,483,2.67,580,1.52,0.35,50,0.015,0.183,0.5,15
150,100,1980,58,483,2.67,580,1.52,0.35,50,0.03,0.255,0.5,24
150,100,1980,58,483,2.67,580,1.52,0.35,50,0.09,0.763,0.5,208
150,100,1980,58,483,2.67,580,3.04,0.35,25,0.015,0.107,0.5,2.2
150,100,1980,58,483,2.67,580,3.04,0.35,25,0.025,0.221,0.5,16.8
150,100,1980,58,483,2.67,580,3.04,0.35,25,0.079,0.656,0.5,264
150,100,1980,58,483,2.67,580,1.52,0.35,50,0.014,0.182,0.5,14.4
150,100,1980,58,483,2.67,580,1.52,0.35,50,0.025,0.269,0.5,27.5
150,100,1980,58,483,2.67,580,1.52,0.35,50,0.068,0.683,0.5,171
150,100,1980,58,483,2.67,580,3.04,0.35,25,0.013,0.156,0.5,10.8
150,100,1980,58,483,2.67,580,3.04,0.35,25,0.024,0.243,0.5,21.4
150,100,1980,58,483,2.67,580,3.04,0.35,25,0.064,0.6,0.5,156
150,100,1980,58,483,2.67,580,1.52,0.35,50,0.026,0.44,0.5,61.8
150,100,1980,58,483,2.67,580,3.04,0.35,25,0.014,0.28,0.5,18.4
150,100,1980,58,483,2.67,580,3.04,0.35,25,0.029,0.438,0.5,58
150,100,1980,58,483,1.78,580,0.86,0.28,75,0.04,0.242,0.5,9.6
150,100,1980,58,483,1.78,580,0.86,0.28,75,0.057,0.324,0.5,18.8
150,100,1980,58,483,1.78,580,0.86,0.28,75,0.061,0.386,0.5,30.2
150,100,1980,58,483,1.78,580,0.86,0.28,75,0.09,0.669,0.5,100.4
150,100,1980,58,483,1.78,580,0.86,0.28,75,0.012,0.29,0.5,5.5
150,100,1980,58,483,1.78,580,0.86,0.28,75,0.048,0.8,0.5,20.8
150,100,1980,58,483,2.67,580,1.52,0.36,50,0.014,0.18,0.5,14.6
150,100,1980,58,483,2.67,580,1.52,0.36,50,0.024,0.258,0.5,27.5
150,100,1980,58,483,2.67,580,1.52,0.36,50,0.065,0.765,0.5,171.1
150,100,1980,58,483,2.67,580,3.04,0.36,25,0.013,0.155,0.5,10.9
150,100,1980,58,483,2.67,580,3.04,0.36,25,0.024,0.227,0.5,21.5
150,100,1980,58,483,2.67,580,3.04,0.36,25,0.063,0.622,0.5,156
150,100,1980,56.2,483,2.67,580,1.52,0.37,50,0.013,0.146,0.5,12.8
150,100,1980,56.2,483,2.67,580,1.52,0.37,50,0.019,0.241,0.5,25.6
150,100,1980,56.2,483,2.67,580,1.52,0.37,50,0.059,0.686,0.5,160.9
150,100,1980,56.2,483,2.67,580,3.04,0.37,25,0.014,0.165,0.5,13.4
150,100,1980,56.2,483,2.67,580,3.04,0.37,25,0.02,0.228,0.5,27.1
150,100,1980,56.2,483,2.67,580,3.04,0.37,25,0.053,0.555,0.5,135.3
150,150,1980,69.6,483,1.78,580,1.01,0.25,75,0.014,0.14,0.5,8.2
150,150,1980,69.6,483,1.78,580,1.01,0.25,75,0.042,0.478,0.5,36.5
150,150,1980,69.6,483,1.78,580,1.01,0.25,75,0.081,1.074,0.5,158
150,150,1980,69.6,483,1.78,580,2.01,0.25,37.5,0.014,0.131,0.5,4.7
150,150,1980,69.6,483,1.78,580,2.01,0.25,37.5,0.048,0.688,0.5,37.3
150,150,1980,69.6,483,1.78,580,2.01,0.25,37.5,0.07,0.687,0.5,129
150,150,1980,69.6,483,1.78,580,1.01,0.25,75,0.014,0.168,0.5,8
150,150,1980,69.6,483,1.78,580,1.01,0.25,75,0.045,0.51,0.5,36.3
150,150,1980,69.6,483,1.78,580,1.01,0.25,75,0.073,0.643,0.5,85.5
150,150,1980,69.6,483,1.78,580,2.01,0.25,37.5,0.015,0.188,0.5,7.7
150,150,1980,69.6,483,1.78,580,2.01,0.25,37.5,0.044,0.42,0.5,25.1
150,150,1980,69.6,483,1.78,580,2.01,0.25,37.5,0.075,0.787,0.5,99.5
150,150,1980,69.6,483,1.78,580,2.01,0.25,37.5,0.085,0.839,0.5,256.5
150,150,1980,69.6,483,1.78,580,1.01,0.25,75,0.014,0.189,0.5,8.6
150,150,1980,69.6,483,1.78,580,1.01,0.25,75,0.047,0.372,0.5,24.3
150,150,1980,69.6,483,1.78,580,1.01,0.25,75,0.099,0.716,0.5,127.6
150,150,1980,69.6,483,1.78,580,2.01,0.25,37.5,0.015,0.158,0.5,7.3
150,150,1980,69.6,483,1.78,580,2.01,0.25,37.5,0.047,0.474,0.5,22.7
150,150,1980,69.6,483,1.78,580,2.01,0.25,37.5,0.085,0.776,0.5,97.3
150,150,1980,69.6,483,1.78,580,1.01,0.25,75,0.013,0.13,0.5,7.3
150,150,1980,69.6,483,1.78,580,1.01,0.25,75,0.041,0.356,0.5,32.6
150,150,1980,69.6,483,1.78,580,1.01,0.25,75,0.08,0.679,0.5,70.1
150,150,1980,69.6,483,1.78,580,2.01,0.25,37.5,0.014,0.168,0.5,8.1
150,150,1980,69.6,483,1.78,580,2.01,0.25,37.5,0.047,0.443,0.5,31.4
150,150,1980,69.6,483,1.78,580,2.01,0.25,37.5,0.088,0.793,0.5,102.7
150,150,1980,49.5,497,1.78,580,1.01,0.31,75,0.013,0.136,0.5,6.4
150,150,1980,49.5,497,1.78,580,1.01,0.31,75,0.039,0.378,0.5,20
150,150,1980,49.5,497,1.78,580,1.01,0.31,75,0.079,0.997,0.5,152
150,150,1980,49.5,497,1.78,580,0.5,0.35,150,0.009,0.104,0.5,3.1
150,150,1980,49.5,497,1.78,580,0.5,0.35,150,0.038,0.38,0.5,20.5
150,150,1980,49.5,497,1.78,580,0.5,0.35,150,0.076,0.739,0.5,63
150,150,1980,49.5,497,1.78,580,0.5,0.35,150,0.083,0.971,0.5,122.5
150,150,1980,49.5,497,1.78,580,1.01,0.35,75,0.012,0.141,0.5,4.1
150,150,1980,49.5,497,1.78,580,1.01,0.35,75,0.036,0.381,0.5,17.1
150,150,1980,49.5,497,1.78,580,1.01,0.35,75,0.071,0.78,0.5,50
150,150,1980,49.5,497,1.78,580,1.01,0.35,75,0.084,0.983,0.5,72.5
150,150,1980,49.5,497,1.78,580,1.01,0.35,75,0.084,1.67,0.5,103.3
150,150,1980,49.5,497,1.78,580,1.01,0.35,75,0.011,0.155,0.5,6.3
150,150,1980,49.5,497,1.78,580,1.01,0.35,75,0.035,0.376,0.5,24.4
150,150,1980,49.5,497,1.78,580,1.01,0.35,75,0.074,0.888,0.5,55.1
150,150,1980,49.5,497,1.78,580,1.01,0.35,75,0.083,0.983,0.5,72.6
150,150,1980,49.5,497,1.78,580,1.01,0.35,75,0.079,1.61,0.5,75.8
150,150,1980,49.5,497,1.78,580,1.01,0.35,75,0.014,0.151,0.5,1.5
150,150,1980,49.5,497,1.78,580,1.01,0.35,75,0.035,0.447,0.5,21.1
150,150,1980,49.5,497,1.78,580,1.01,0.35,75,0.068,0.813,0.5,44
150,150,1980,49.5,497,1.78,580,1.01,0.35,75,0.08,0.956,0.5,51.6
150,150,1980,49.5,497,1.78,580,1.01,0.35,75,0.084,1.894,0.5,47.8
150,150,1980,49.5,497,1.78,580,1.01,0.12,75,0.011,0.146,0.5,4.5
150,150,1980,49.5,497,1.78,580,1.01,0.12,75,0.037,0.437,0.5,23.9
150,150,1980,49.5,497,1.78,580,1.01,0.12,75,0.068,0.88,0.5,53.7
150,150,1980,49.5,497,1.78,580,1.01,0.12,75,0.083,1.037,0.5,75.8
150,150,1980,49.5,497,1.78,580,1.01,0.12,75,0.083,1.85,0.5,76
150,150,2438,44,572,1.78,521,2.09,0,37.5,0.014,0.144,0.5,23.3
150,150,2438,44,572,1.78,521,2.09,0,37.5,0.022,0.237,0.5,53.3
150,150,2438,44,572,1.78,521,2.09,0,37.5,0.013,0.144,0.5,17.7
150,150,2438,44,572,1.78,521,2.09,0,37.5,0.03,0.284,0.5,50.2
150,150,2438,44,572,1.78,521,2.09,0,37.5,0.031,0.31,0.5,63.4
150,150,2438,44,572,1.78,521,2.09,0,37.5,0.036,0.345,0.5,85
150,150,2438,44,572,1.78,521,2.09,0,37.5,0.036,0.372,0.5,104.9
150,150,2438,44,572,1.78,521,2.09,0.37,37.5,0.017,0.18,0.5,23.9
150,150,2438,44,572,1.78,521,2.09,0,37.5,0.032,0.335,0.5,62.5
150,150,2438,44,572,1.78,521,2.09,0.36,37.5,0.017,0.188,0.5,14.3
150,150,2438,44,572,1.78,521,2.09,0.37,37.5,0.03,0.33,0.5,33.5
150,150,2438,44,572,1.78,521,2.09,0.37,37.5,0.041,0.435,0.5,130.1
150,150,2438,44,572,1.78,521,2.09,0.36,37.5,0.048,0.476,0.5,131.5
150,150,2438,44,572,1.78,521,2.09,0.38,37.5,0.049,0.482,0.5,105
150,150,2438,33,572,1.78,521,0.79,0.48,100,0.051,0.477,0.5,125.3
150,150,2438,33,572,1.78,521,0.79,0.47,100,0.053,0.488,0.5,156.9
150,150,2438,33,572,1.78,521,0.79,0.48,100,0.048,0.473,0.5,53.5
150,150,2438,33,572,1.78,521,0.79,0.52,100,0.054,0.503,0.5,59.3
150,150,2438,33,572,1.78,521,0.79,0.48,100,0.049,0.494,0.5,94.7
150,150,2438,33,572,1.78,521,0.79,0.5,100,0.047,0.438,0.5,69.1
150,150,2438,33,572,1.78,521,0.79,0.49,100,0.047,0.472,0.5,81
150,150,2438,33,572,1.78,521,0.79,0.51,100,0.05,0.44,0.5,54.1
150,150,2438,33,572,1.78,521,0.79,0.5,100,0.049,0.463,0.5,51.3
150,150,2438,44,572,1.78,521,2.09,0.39,37.5,0.054,0.509,0.5,114.9
150,150,2438,44,572,1.78,521,2.09,0.39,37.5,0.056,0.5,0.5,130.3
150,150,2438,44,572,1.78,521,2.09,0.4,37.5,0.051,0.511,0.5,148.8
150,150,2438,44,572,1.78,521,2.09,0.39,37.5,0.057,0.599,0.5,81.3
150,150,2438,44,572,1.78,521,2.09,0.39,37.5,0.061,0.561,0.5,100.3
150,150,2438,44,572,1.78,521,2.09,0.38,37.5,0.059,0.587,0.5,172.1
150,150,2438,44,572,1.78,521,2.09,0.39,37.5,0.047,0.456,0.5,54.7
150,150,2438,44,572,1.78,521,2.09,0.38,37.5,0.055,0.487,0.5,111.3
150,150,2438,44,572,1.78,521,2.09,0.38,37.5,0.05,0.463,0.5,62
150,150,2438,44,572,1.78,521,2.09,0.39,37.5,0.049,0.499,0.5,58.7
150,150,2438,33,572,1.78,521,0.79,0.48,100,0.05,0.432,0.5,110.9
150,150,2438,33,572,1.78,521,0.79,0.47,100,0.061,0.625,0.5,257
150,150,2438,33,572,1.78,521,0.79,0.47,100,0.056,0.57,0.5,76.25
150,150,2438,33,572,1.78,521,0.79,0.48,100,0.058,0.579,0.5,131.7
150,150,2438,33,572,1.78,521,0.79,0.49,100,0.055,0.532,0.5,96.6
152,152,2468,51.6,483,1.72,604,1.09,0.24,75,0.014,0.13,0.5,6.4
152,152,2468,51.6,483,1.72,604,1.09,0.24,75,0.042,0.381,0.5,29.9
152,152,2468,51.6,483,1.72,604,1.09,0.24,75,0.088,0.781,0.5,126.2
152,152,2468,51.6,483,1.72,604,2.18,0.24,38,0.013,0.123,0.5,6.6
152,152,2468,51.6,483,1.72,604,2.18,0.24,38,0.041,0.401,0.5,25
152,152,2468,51.6,483,1.72,604,2.18,0.24,38,0.079,0.756,0.5,92
152,152,2468,51.6,483,1.72,604,2.18,0.24,38,0.109,0.964,0.5,340.9
152,152,2468,53.8,483,1.72,604,1.09,0.23,75,0.013,0.131,0.5,5
152,152,2468,53.8,483,1.72,604,1.09,0.23,75,0.041,0.4,0.5,21.3
152,152,2468,53.8,483,1.72,604,1.09,0.23,75,0.082,0.784,0.5,93.9
152,152,2468,54.7,483,1.72,604,1.09,0.22,75,0.016,0.193,0.5,11.5
152,152,2468,54.7,483,1.72,604,1.09,0.22,75,0.041,0.41,0.5,29.3
152,152,2468,54.7,483,1.72,604,1.09,0.22,75,0.087,0.676,0.5,81.7
152,152,2468,46.1,483,1.72,604,1.09,0.26,75,0.013,0.127,0.5,5.1
152,152,2468,46.1,483,1.72,604,1.09,0.26,75,0.041,0.411,0.5,23.3
152,152,2468,46.1,483,1.72,604,1.09,0.26,75,0.077,0.767,0.5,87.7
152,152,2468,56.6,483,1.72,604,1.09,0.22,75,0.013,0.138,0.5,5.7
152,152,2468,56.6,483,1.72,604,1.09,0.22,75,0.039,0.395,0.5,24.1
152,152,2468,56.6,483,1.72,604,2.18,0.22,38,0.073,0.681,0.5,73
152,152,2468,53.8,483,1.72,604,2.18,0.23,38,0.014,0.144,0.5,6.7
152,152,2468,53.8,483,1.72,604,2.18,0.23,38,0.046,0.416,0.5,26.6
152,152,2468,53.8,483,1.72,604,2.18,0.23,38,0.083,0.77,0.5,99.7
152,152,2468,53.8,483,1.72,604,2.18,0.23,38,0.106,0.887,0.5,248.6
152,152,2468,40.5,483,1.72,604,1.09,0.29,75,0.013,0.126,0.5,8
152,152,2468,40.5,483,1.72,604,1.09,0.29,75,0.04,0.384,0.5,27
152,152,2468,40.5,483,1.72,604,1.09,0.29,75,0.077,0.783,0.5,112.6
152.4,152.4,2438,40.56,464,2.22,542,1.08,0.29,75,0.022,0.242,0.5,10.7
152.4,152.4,2438,40.56,464,2.22,542,1.08,0.29,75,0.04,0.464,0.5,20.47
152.4,152.4,2438,40.56,464,2.22,542,1.08,0.29,75,0.065,0.854,0.5,87.38
152.4,152.4,2438,40.56,449,3.44,542,1.08,0.26,75,0.022,0.193,0.5,7.41
152.4,152.4,2438,40.56,449,3.44,542,1.08,0.26,75,0.039,0.428,0.5,20.01
152.4,152.4,2438,40.56,449,3.44,542,1.08,0.26,75,0.072,0.846,0.5,83.96
152.4,152.4,2438,40.56,449,3.44,542,1.08,0.26,75,0.083,1.098,0.5,162.77
152.4,152.4,2438,93.94,474,1.72,542,1.08,0.15,75,0.023,0.233,0.5,8.38
152.4,152.4,2438,93.94,474,1.72,542,1.08,0.15,75,0.045,0.429,0.5,33.64
152.4,152.4,2438,93.94,474,1.72,542,1.08,0.15,75,0.075,0.779,0.5,132.57
152.4,152.4,2438,93.94,474,1.72,542,2.17,0.15,38,0.02,0.211,0.5,9.49
152.4,152.4,2438,93.94,474,1.72,542,2.17,0.15,38,0.041,0.378,0.5,20.81
152.4,152.4,2438,93.94,474,1.72,542,2.17,0.15,38,0.074,0.731,0.5,106.13
152.4,152.4,2438,84.68,464,2.22,542,1.08,0.16,75,0.024,0.181,0.5,7.21
152.4,152.4,2438,84.68,464,2.22,542,1.08,0.16,75,0.04,0.462,0.5,20.07
152.4,152.4,2438,84.68,464,2.22,542,1.08,0.16,75,0.078,0.875,0.5,82.35
152.4,152.4,2438,84.68,464,2.22,542,1.08,0.16,75,0.092,1.112,0.5,210.58
152.4,152.4,2438,84.68,449,3.44,542,1.08,0.15,75,0.021,0.226,0.5,7.57
152.4,152.4,2438,84.68,449,3.44,542,1.08,0.15,75,0.039,0.372,0.5,16.02
152.4,152.4,2438,84.68,449,3.44,542,1.08,0.15,75,0.073,0.696,0.5,77.7
152.4,152.4,2438,84.68,449,3.44,542,1.08,0.15,75,0.088,0.998,0.5,141.09
152.4,152.4,2438,93.56,474,1.72,542,1.08,0.15,75,0.024,0.227,0.5,9.08
152.4,152.4,2438,93.56,474,1.72,542,1.08,0.15,75,0.043,0.422,0.5,22.85
152.4,152.4,2438,93.56,474,1.72,542,1.08,0.15,75,0.075,0.813,0.5,91.41
152.4,152.4,2438,93.35,474,1.72,542,1.08,0.15,75,0.023,0.216,0.5,7.07
152.4,152.4,2438,93.35,474,1.72,542,1.08,0.15,75,0.031,0.454,0.5,19.41
152.4,152.4,2438,93.35,474,1.72,542,1.08,0.15,75,0.074,0.734,0.5,83.78
152.4,152.4,2438,96.05,464,2.22,542,1.08,0.14,75,0.022,0.223,0.5,7.62
152.4,152.4,2438,96.05,464,2.22,542,1.08,0.14,75,0.034,0.453,0.5,15.37
152.4,152.4,2438,96.05,464,2.22,542,1.08,0.14,75,0.068,0.869,0.5,62.73
152.4,152.4,2438,96.05,464,2.22,542,1.08,0.14,75,0.086,1.01,0.5,153.13
152.4,152.4,2438,100.45,449,3.44,542,1.08,0.13,75,0.019,0.217,0.5,8.07
152.4,152.4,2438,100.45,449,3.44,542,1.08,0.13,75,0.032,0.416,0.5,17.52
152.4,152.4,2438,100.45,449,3.44,542,1.08,0.13,75,0.064,0.752,0.5,54.62
152.4,152.4,2438,100.45,449,3.44,542,1.08,0.13,75,0.087,0.934,0.5,120.52
152.4,152.4,2438,103.59,987,1.22,542,1.08,0.13,75,0.021,0.228,0.5,9.15
152.4,152.4,2438,103.59,987,1.22,542,1.08,0.13,75,0.037,0.42,0.5,18.35
152.4,152.4,2438,103.59,987,1.22,542,1.08,0.13,75,0.063,0.799,0.5,67.28
152.4,152.4,2438,69.43,889,2.22,542,1.08,0.16,75,0.02,0.197,0.5,9.65
152.4,152.4,2438,69.43,889,2.22,542,1.08,0.16,75,0.035,0.443,0.5,16.76
152.4,152.4,2438,69.43,889,2.22,542,1.08,0.16,75,0.077,0.866,0.5,46.17
152.4,152.4,2438,69.43,889,2.22,542,1.08,0.16,75,0.101,1.101,0.5,94.24
152.4,152.4,2438,91.28,889,2.22,542,2.17,0.13,38,0.024,0.22,0.5,6.82
152.4,152.4,2438,91.28,889,2.22,542,2.17,0.13,38,0.035,0.404,0.5,13.28
152.4,152.4,2438,91.28,889,2.22,542,2.17,0.13,38,0.072,0.899,0.5,39.95
152.4,152.4,2438,91.28,889,2.22,542,2.17,0.13,38,0.075,1.087,0.5,84.3
152.4,152.4,2438,88.04,821,3.44,542,1.08,0.13,75,0.023,0.241,0.5,8.74
152.4,152.4,2438,88.04,821,3.44,542,1.08,0.13,75,0.035,0.476,0.5,17.18
152.4,152.4,2438,88.04,821,3.44,542,1.08,0.13,75,0.069,0.746,0.5,37.06
152.4,152.4,2438,88.04,821,3.44,542,1.08,0.13,75,0.082,1.004,0.5,62.68
152.4,152.4,2438,88.04,821,3.44,542,1.08,0.13,75,0.086,0.985,0.5,182.59
152.4,152.4,2438,88.16,987,1.22,542,1.08,0.15,75,0.023,0.255,0.5,12.37
152.4,152.4,2438,88.16,987,1.22,542,1.08,0.15,75,0.041,0.403,0.5,25.18
152.4,152.4,2438,88.16,987,1.22,542,1.08,0.15,75,0.074,0.741,0.5,98.92
152.4,152.4,2438,88.16,987,1.22,542,1.08,0.15,75,0.076,1.004,0.5,516.77
152.4,152.4,2438,78.74,889,2.22,542,1.08,0.15,75,0.019,0.194,0.5,6.07
152.4,152.4,2438,78.74,889,2.22,542,1.08,0.15,75,0.038,0.417,0.5,13.26
152.4,152.4,2438,78.74,889,2.22,542,1.08,0.15,75,0.068,0.794,0.5,40.65
152.4,152.4,2438,78.74,889,2.22,542,1.08,0.15,75,0.082,0.934,0.5,99.02
152.4,152.4,2438,89.78,821,3.44,542,1.08,0.12,75,0.019,0.236,0.5,9.23
152.4,152.4,2438,89.78,821,3.44,542,1.08,0.12,75,0.033,0.441,0.5,15.59
152.4,152.4,2438,89.78,821,3.44,542,1.08,0.12,75,0.061,0.853,0.5,33.2
152.4,152.4,2438,89.78,821,3.44,542,1.08,0.12,75,0.079,1.04,0.5,55.39
152.4,152.4,2438,89.78,821,3.44,542,1.08,0.12,75,0.078,1.049,0.5,87.89
152,152,2468,155,486,0.43,604,1.08,0.09,75,0.043,0.396,0.5,17.63
152,152,2468,155,486,0.43,604,1.08,0.09,75,0.081,0.83,0.5,60.11
152,152,2468,154,486,0.43,604,1.08,0.09,75,0.042,0.326,0.5,15.68
152,152,2468,154,486,0.43,604,1.08,0.09,75,0.08,0.753,0.5,55.75
152,152,2468,155,486,0.43,604,2.17,0.09,38,0.042,0.402,0.5,21.8
152,152,2468,155,486,0.43,604,2.17,0.09,38,0.075,0.803,0.5,61.03
152,152,2468,155,486,0.43,604,2.17,0.09,38,0.088,1.011,0.5,277.7
152,152,2468,154,486,0.43,604,2.17,0.09,38,0.042,0.396,0.5,19.64
152,152,2468,154,486,0.43,604,2.17,0.09,38,0.08,0.746,0.5,41.36
152,152,2468,154,486,0.43,604,2.17,0.09,38,0.085,0.896,0.5,111.8
152,152,2468,155,457,0.87,604,1.08,0.09,75,0.042,0.394,0.5,19.93
152,152,2468,155,457,0.87,604,1.08,0.09,75,0.077,0.79,0.5,51.97
152,152,2468,155,457,0.87,604,1.08,0.09,75,0.086,0.959,0.5,87.78
152,152,2468,155,457,0.87,604,1.08,0.09,75,0.086,0.834,0.5,88.1
152,152,2468,130,457,0.87,604,1.08,0.1,75,0.041,0.382,0.5,20.2
152,152,2468,130,457,0.87,604,1.08,0.1,75,0.075,0.8,0.5,50.6
152,152,2468,130,457,0.87,604,1.08,0.1,75,0.086,0.869,0.5,78.81
152,152,2468,130,457,0.87,604,1.08,0.1,75,0.082,0.722,0.5,82.8
152,152,2468,108,956,0.31,604,1.08,0.12,75,0.039,0.445,0.5,20.39
152,152,2468,125,956,0.31,604,1.08,0.11,75,0.037,0.399,0.5,23.89
152,152,2468,125,956,0.31,604,1.08,0.11,75,0.072,0.779,0.5,87.94
152,152,2468,142,956,0.31,604,1.08,0.1,75,0.039,0.384,0.5,19.34
152,152,2468,142,956,0.31,604,1.08,0.1,75,0.078,0.761,0.5,66.44
152,152,2468,142,956,0.31,604,1.08,0.1,75,0.087,0.937,0.5,375.5
152,152,2468,108,956,0.31,604,1.08,0.12,75,0.04,0.498,0.5,16.86
152,152,2468,108,956,0.31,604,1.08,0.12,75,0.072,0.764,0.5,46.31
152,152,2468,108,956,0.31,604,1.08,0.12,75,0.081,0.864,0.5,94.32
152,152,2468,125,956,0.31,604,2.17,0.11,38,0.038,0.406,0.5,20.48
152,152,2468,125,956,0.31,604,2.17,0.11,38,0.072,0.787,0.5,65.05
152,152,2468,125,956,0.31,604,2.17,0.11,38,0.083,0.926,0.5,310.55
152,152,2468,166,956,0.31,604,2.17,0.08,38,0.04,0.421,0.5,21.15
152,152,2468,166,956,0.31,604,2.17,0.08,38,0.073,0.821,0.5,61.32
152,152,2468,166,956,0.31,604,2.17,0.08,38,0.084,0.986,0.5,360.12
152,152,2468,51.56,480,1.72,600,1.08,0.25,75,0.014,0.13,0.5,6.42
152,152,2468,51.56,480,1.72,600,1.08,0.25,75,0.042,0.381,0.5,29.86
152,152,2468,51.56,480,1.72,600,1.08,0.25,75,0.088,0.781,0.5,126.23
152,152,2468,51.78,480,1.72,600,2.17,0.25,38,0.013,0.123,0.5,6.62
152,152,2468,51.78,480,1.72,600,2.17,0.25,38,0.041,0.401,0.5,24.98
152,152,2468,51.78,480,1.72,600,2.17,0.25,38,0.079,0.756,0.5,91.99
152,152,2468,51.78,480,1.72,600,2.17,0.25,38,0.109,0.964,0.5,340.89
152,152,2468,53.84,480,1.72,600,1.08,0.24,75,0.013,0.131,0.5,5.04
152,152,2468,53.84,480,1.72,600,1.08,0.24,75,0.041,0.4,0.5,21.29
152,152,2468,53.84,480,1.72,600,1.08,0.24,75,0.082,0.784,0.5,93.93
152,152,2468,60.58,480,1.72,600,2.17,0.22,38,0.014,0.144,0.5,6.72
152,152,2468,60.58,480,1.72,600,2.17,0.22,38,0.046,0.416,0.5,26.62
152,152,2468,60.58,480,1.72,600,2.17,0.22,38,0.083,0.769,0.5,99.67
152,152,2468,60.58,480,1.72,600,2.17,0.22,38,0.106,0.887,0.5,248.55
152,152,2468,54.67,480,1.72,600,1.08,0.24,75,0.016,0.193,0.5,11.46
152,152,2468,54.67,480,1.72,600,1.08,0.24,75,0.041,0.41,0.5,29.25
152,152,2468,54.67,480,1.72,600,1.08,0.24,75,0.086,0.676,0.5,81.71
152,152,2468,40.46,480,1.72,600,1.08,0.3,75,0.013,0.126,0.5,7.98
152,152,2468,40.46,480,1.72,600,1.08,0.3,75,0.04,0.384,0.5,26.98
152,152,2468,40.46,480,1.72,600,1.08,0.3,75,0.077,0.783,0.5,112.57
152,152,2468,46.03,480,1.72,600,1.08,0.27,75,0.012,0.127,0.5,5.11
152,152,2468,46.03,480,1.72,600,1.08,0.27,75,0.041,0.411,0.5,23.32
152,152,2468,46.03,480,1.72,600,1.08,0.27,75,0.077,0.767,0.5,87.72
152,152,2468,56.64,480,1.72,600,1.08,0.23,75,0.013,0.138,0.5,5.73
152,152,2468,56.64,480,1.72,600,1.08,0.23,75,0.039,0.395,0.5,24.13
152,152,2468,56.64,480,1.72,600,1.08,0.23,75,0.073,0.681,0.5,72.99
152,152,2468,144.73,480,1.72,600,1.08,0.1,75,0.013,0.108,0.5,5.15
152,152,2468,144.73,480,1.72,600,1.08,0.1,75,0.044,0.334,0.5,21.19
152,152,2468,144.73,480,1.72,600,1.08,0.1,75,0.082,0.736,0.5,67.76
152,152,2468,144.73,480,1.72,600,1.08,0.1,75,0.089,0.938,0.5,309.48
152,152,2468,149.34,480,1.72,600,2.17,0.1,38,0.014,0.106,0.5,5.15
152,152,2468,149.34,480,1.72,600,2.17,0.1,38,0.047,0.381,0.5,20.15
152,152,2468,149.34,480,1.72,600,2.17,0.1,38,0.072,0.694,0.5,47.43
152,152,2468,149.34,480,1.72,600,2.17,0.1,38,0.093,0.841,0.5,71.3
152,152,2468,149.34,480,1.72,600,2.17,0.1,38,0.098,0.771,0.5,269.53
152,152,2468,152.6,480,1.72,600,1.08,0.09,75,0.013,0.123,0.5,4.74
152,152,2468,152.6,480,1.72,600,1.08,0.09,75,0.046,0.398,0.5,21.59
152,152,2468,152.6,480,1.72,600,1.08,0.09,75,0.083,0.776,0.5,57.15
152,152,2468,152.6,480,1.72,600,1.08,0.09,75,0.091,1.002,0.5,94.25
152,152,2468,153.91,480,1.72,600,2.17,0.09,38,0.015,0.121,0.5,5.05
152,152,2468,153.91,480,1.72,600,2.17,0.09,38,0.044,0.365,0.5,22.03
152,152,2468,153.91,480,1.72,600,2.17,0.09,38,0.076,0.73,0.5,69.21
152,152,2468,165.39,480,1.72,600,1.08,0.09,75,0.014,0.127,0.5,5.33
152,152,2468,165.39,480,1.72,600,1.08,0.09,75,0.043,0.384,0.5,23.23
152,152,2468,165.39,480,1.72,600,1.08,0.09,75,0.075,0.717,0.5,56.28
152,152,2468,165.39,480,1.72,600,1.08,0.09,75,0.103,0.887,0.5,373.2
152,152,2468,48,424,1.23,617,1.08,0.28,75,0.044,0.43,0.5,33.7
152,152,2468,48,424,1.23,617,1.08,0.28,75,0.083,0.787,0.5,139.2
152,152,2468,150,950,1.23,617,1.08,0.09,75,0.049,0.459,0.5,19.1
152,152,2468,150,950,1.23,617,1.08,0.09,75,0.089,0.834,0.5,57.8
152,152,2468,150,950,1.23,617,1.08,0.09,75,0.102,0.952,0.5,300.5
152,152,2468,150,950,1.84,617,1.08,0.09,75,0.049,0.448,0.5,17.4
152,152,2468,150,950,1.84,617,1.08,0.09,75,0.095,0.823,0.5,53.8
152,152,2468,150,950,1.84,617,1.08,0.09,75,0.105,1.004,0.5,144.5
152,152,2468,154,825,2.18,617,1.08,0.09,75,0.041,0.463,0.5,30.4
152,152,2468,154,825,2.18,617,1.08,0.09,75,0.076,0.697,0.5,80
152,152,2468,154,825,2.18,617,1.08,0.09,75,0.081,0.773,0.5,160.1
152,152,2468,154,845,3.4,617,1.08,0.08,75,0.045,0.433,0.5,22.6
152,152,2468,154,845,3.4,617,1.08,0.08,75,0.085,0.878,0.5,49.2
152,152,2468,154,845,3.4,617,1.08,0.08,75,0.105,1.005,0.5,68.4
152,152,2468,154,845,3.4,617,1.08,0.08,75,0.072,0.744,0.5,56
152,152,2468,154,845,3.4,617,1.08,0.08,75,0.084,0.871,0.5,64.1
152,152,2468,151,922,4.9,617,1.08,0.08,75,0.05,0.466,0.5,19.2
152,152,2468,151,922,4.9,617,1.08,0.08,75,0.083,0.768,0.5,38.7
152,152,2468,151,922,4.9,617,1.08,0.08,75,0.1,0.964,0.5,43.5
152,152,2468,151,922,4.9,617,1.08,0.08,75,0.08,0.931,0.5,51.5
152,152,2468,151,922,4.9,617,1.08,0.08,75,0.078,1.412,0.5,53.8
152,152,2468,139,630,1.23,617,1.08,0.1,75,0.048,0.42,0.5,23.6
152,152,2468,139,630,1.23,617,1.08,0.1,75,0.084,0.809,0.5,70.2
152,152,2468,139,630,1.23,617,1.08,0.1,75,0.101,0.91,0.5,236.8
152,152,2468,146,630,1.23,617,1.08,0.1,75,0.046,0.472,0.5,20.5
152,152,2468,146,630,1.23,617,1.08,0.1,75,0.082,0.81,0.5,73.4
152,152,2468,133,630,1.23,617,2.17,0.11,38,0.051,0.441,0.5,19.7
152,152,2468,133,630,1.23,617,2.17,0.11,38,0.091,0.838,0.5,57
152,152,2468,132,630,1.23,617,1.08,0.11,75,0.051,0.459,0.5,22.6
152,152,2468,132,630,1.23,617,1.08,0.11,75,0.094,0.786,0.5,68.3
152,152,2468,132,794,1.23,617,1.08,0.11,75,0.046,0.472,0.5,21.2
152,152,2468,132,794,1.23,617,1.08,0.11,75,0.082,0.81,0.5,63.7
152,152,2468,151,630,1.84,617,1.08,0.09,75,0.048,0.457,0.5,22.4
152,152,2468,151,630,1.84,617,1.08,0.09,75,0.092,0.829,0.5,58.6
152,152,2468,151,630,1.84,617,1.08,0.09,75,0.104,0.969,0.5,102.2
152,152,2468,151,630,1.84,617,1.08,0.09,75,0.094,0.812,0.5,92.4
152,152,2468,56,606,2.18,617,1.08,0.21,75,0.048,0.448,0.5,24.7
152,152,2468,56,606,2.18,617,1.08,0.21,75,0.086,0.802,0.5,76.9
152,152,2468,56,606,2.18,617,1.08,0.21,75,0.105,0.908,0.5,136.5
152,152,2468,56,606,2.18,617,2.17,0.21,38,0.045,0.408,0.5,26
152,152,2468,56,606,2.18,617,2.17,0.21,38,0.085,0.775,0.5,83.5
152,152,2468,56,606,2.18,617,2.17,0.21,38,0.106,0.875,0.5,122.9
152,152,2468,149,606,2.18,617,1.08,0.09,75,0.046,0.451,0.5,15.8
152,152,2468,149,606,2.18,617,1.08,0.09,75,0.088,0.813,0.5,50.6
152,152,2468,149,606,2.18,617,1.08,0.09,75,0.103,0.97,0.5,94.9
152,152,2468,149,606,2.18,617,1.08,0.09,75,0.103,0.957,0.5,82.5
152,152,2468,149,600,3.4,617,1.08,0.09,75,0.046,0.439,0.5,20
152,152,2468,149,600,3.4,617,1.08,0.09,75,0.084,0.803,0.5,51.7
152,152,2468,149,600,3.4,617,1.08,0.09,75,0.106,0.98,0.5,82.4
152,152,2468,149,600,3.4,617,1.08,0.09,75,0.11,0.89,0.5,72.1
152,152,2468,149,600,3.4,617,1.08,0.09,75,0.077,0.807,0.5,76.8
152,152,2468,52,486,1.73,604,1.08,0.25,75,0.08,0.75,0.5,129
152,152,2468,145,486,1.73,604,1.08,0.1,75,0.08,0.75,0.5,68
152,152,2468,145,486,1.73,604,1.08,0.1,75,0.097,0.9,0.5,310
152,152,2468,153,486,1.73,604,1.08,0.1,75,0.08,0.75,0.5,57
152,152,2468,153,486,1.73,604,1.08,0.1,75,0.097,0.9,0.5,94
152,152,2468,149,486,1.73,604,2.17,0.1,38,0.08,0.75,0.5,47
152,152,2468,149,486,1.73,604,2.17,0.1,38,0.097,0.9,0.5,71
152,152,2468,149,486,1.73,604,2.17,0.1,38,0.085,1.355,0.5,270
152,152,2468,138,486,1.73,604,1.08,0.1,75,0.08,0.75,0.5,60
152,152,2468,145,486,1.73,604,1.08,0.1,75,0.08,0.75,0.5,51
152,152,2468,138,460,3.46,604,1.08,0.1,75,0.08,0.75,0.5,52
152,152,2468,138,460,3.46,604,1.08,0.1,75,0.097,0.9,0.5,88
152,152,2468,150,950,1.84,604,1.08,0.09,75,0.08,0.75,0.5,54
152,152,2468,150,950,1.84,604,1.08,0.09,75,0.097,0.9,0.5,145
300,150,2440,38.5,445,1.78,582,0.41,0,150,0.017,0.112,0.5,10.9
300,150,2440,38.5,445,1.78,582,0.41,0,150,0.035,0.213,0.5,25.4
300,150,2440,38.5,445,1.78,582,0.41,0,150,0.051,0.307,0.5,49.9
300,150,2440,38.5,445,1.78,582,0.41,0,150,0.06,0.366,0.5,80.5
300,150,2440,38.5,445,1.78,582,0.41,0,150,0.087,0.634,0.5,247.2
300,150,2440,32.8,445,1.78,582,0.41,0,150,0.016,0.146,0.5,8
300,150,2440,32.8,445,1.78,582,0.41,0,150,0.029,0.201,0.5,24.1
300,150,2440,32.8,445,1.78,582,0.41,0,150,0.042,0.306,0.5,39.1
300,150,2440,32.8,445,1.78,582,0.41,0,150,0.058,0.396,0.5,49.6
300,150,2440,32.8,445,1.78,582,0.41,0,150,0.077,0.558,0.5,91.9
300,150,2440,32.8,445,1.78,582,0.41,0,150,0.089,0.719,0.5,183.2
300,150,2440,30.8,445,1.78,582,0.41,0,150,0.02,0.144,0.5,9.6
300,150,2440,30.8,445,1.78,582,0.41,0,150,0.025,0.189,0.5,15.9
300,150,2440,30.8,445,1.78,582,0.41,0,150,0.045,0.279,0.5,26.4
300,150,2440,30.8,445,1.78,582,0.41,0,150,0.06,0.419,0.5,46.6
300,150,2440,30.8,445,1.78,582,0.41,0,150,0.071,0.586,0.5,81
300,150,2440,30.8,445,1.78,582,0.41,0,150,0.084,0.721,0.5,94.7
300,150,2440,30.8,445,1.78,582,0.41,0,150,0.088,1.129,0.5,141.8
300,150,2440,30.4,445,1.78,582,0.41,0,150,0.018,0.141,0.5,12.1
300,150,2440,30.4,445,1.78,582,0.41,0,150,0.026,0.202,0.5,16.3
300,150,2440,30.4,445,1.78,582,0.41,0,150,0.052,0.398,0.5,33.6
152,152,2468,52,483,1.72,604,1.08,0.4,75,0.014,0.13,0.5,6.4
152,152,2468,52,483,1.72,604,1.08,0.4,75,0.042,0.381,0.5,29.9
152,152,2468,52,483,1.72,604,1.08,0.4,75,0.088,0.781,0.5,126.2
152,152,2468,52,483,1.72,604,2.17,0.4,38,0.013,0.123,0.5,6.6
152,152,2468,52,483,1.72,604,2.17,0.4,38,0.041,0.401,0.5,25
152,152,2468,52,483,1.72,604,2.17,0.4,38,0.079,0.756,0.5,92
152,152,2468,52,483,1.72,604,2.17,0.4,38,0.109,0.964,0.5,340.9
152,152,2468,145,483,1.72,604,1.08,0.16,75,0.013,0.109,0.5,5.2
152,152,2468,145,483,1.72,604,1.08,0.16,75,0.044,0.334,0.5,21.2
152,152,2468,145,483,1.72,604,1.08,0.16,75,0.082,0.736,0.5,67.8
152,152,2468,145,483,1.72,604,1.08,0.16,75,0.089,0.938,0.5,309.5
152,152,2468,153,483,1.72,604,1.08,0.15,75,0.013,0.124,0.5,4.7
152,152,2468,153,483,1.72,604,1.08,0.15,75,0.046,0.398,0.5,21.6
152,152,2468,153,483,1.72,604,1.08,0.15,75,0.083,0.776,0.5,57.2
152,152,2468,153,483,1.72,604,1.08,0.15,75,0.091,1.002,0.5,94.3
152,152,2468,165,483,1.72,604,1.08,0.14,75,0.014,0.127,0.5,5.3
152,152,2468,165,483,1.72,604,1.08,0.14,75,0.043,0.384,0.5,23.2
152,152,2468,165,483,1.72,604,1.08,0.14,75,0.075,0.717,0.5,56.3
152,152,2468,165,483,1.72,604,1.08,0.14,75,0.103,0.887,0.5,373.2
152,152,2468,149,483,1.72,604,2.17,0.16,38,0.014,0.106,0.5,5.2
152,152,2468,149,483,1.72,604,2.17,0.16,38,0.046,0.381,0.5,20.2
152,152,2468,149,483,1.72,604,2.17,0.16,38,0.072,0.694,0.5,47.4
152,152,2468,149,483,1.72,604,2.17,0.16,38,0.093,0.841,0.5,71.3
152,152,2468,149,483,1.72,604,2.17,0.16,38,0.098,0.771,0.5,269.5
152,152,2468,138,486,1.72,604,1.08,0.17,75,0.043,0.456,0.5,17.6
152,152,2468,138,486,1.72,604,1.08,0.17,75,0.081,0.855,0.5,60.1
152,152,2468,138,457,3.46,604,1.08,0.15,75,0.042,0.422,0.5,19.9
152,152,2468,138,457,3.46,604,1.08,0.15,75,0.077,0.815,0.5,52
152,152,2468,138,457,3.46,604,1.08,0.15,75,0.086,0.984,0.5,74.7
152,152,2468,138,457,3.46,604,1.08,0.15,75,0.086,0.859,0.5,88.1
152,152,2468,145,486,1.72,604,1.08,0.16,75,0.042,0.371,0.5,15.7
152,152,2468,145,486,1.72,604,1.08,0.16,75,0.08,0.778,0.5,50.6
152,152,2468,145,486,1.72,604,2.17,0.16,38,0.042,0.441,0.5,19.6
152,152,2468,145,486,1.72,604,2.17,0.16,38,0.08,0.771,0.5,41.4
152,152,2468,145,486,1.72,604,2.17,0.16,38,0.085,0.921,0.5,111.8
152,152,2468,128,457,3.46,604,1.08,0.16,75,0.041,0.427,0.5,20.2
152,152,2468,128,457,3.46,604,1.08,0.16,75,0.075,0.825,0.5,46.8
152,152,2468,128,457,3.46,604,1.08,0.16,75,0.086,0.894,0.5,78.8
152,152,2468,128,457,3.46,604,1.08,0.16,75,0.082,0.747,0.5,82.8
160,160,2468,25.8,411,2.78,595,0.42,0.4,150,0.014,0.122,0.5,8.23
160,160,2468,25.8,411,2.78,595,0.42,0.4,150,0.03,0.268,0.5,25.21
160,160,2468,25.8,411,2.78,595,0.42,0.4,150,0.068,0.689,0.5,127.6
160,160,2468,25.8,411,2.78,595,0.84,0.4,75,0.014,0.116,0.5,5.69
160,160,2468,25.8,411,2.78,595,0.84,0.4,75,0.034,0.285,0.5,21.74
160,160,2468,25.8,411,2.78,595,0.84,0.4,75,0.067,0.53,0.5,105.69
160,160,2468,152,411,2.78,595,0.84,0.15,75,0.012,0.082,0.5,3.46
160,160,2468,152,411,2.78,595,0.84,0.15,75,0.032,0.264,0.5,16.26
160,160,2468,152,411,2.78,595,0.84,0.15,75,0.07,0.719,0.5,79.71
200,150,2440,58.4,484,1.3,413,0.81,0.3,75,0.067,0.377,0.5,37.9
200,150,2440,58.4,484,1.3,413,0.81,0.3,75,0.083,0.431,0.5,93.5
200,150,2440,58.4,484,1.3,413,0.81,0.3,75,0.062,0.398,0.5,31.8
200,150,2440,58.4,484,1.3,413,0.81,0.3,75,0.08,0.438,0.5,42.5
300,300,3000,53.3,453,1.4,335,0.62,0.12,200,0.092,0.108,0.25,15.7
